fic_character,mythology
Amnisiades,Greek_mythology
Amnisiades,Greek_mythology
Ampelos,Greek_mythology
Ampelos,Greek_mythology
Amphimedon,Greek_mythology
Amphimedon,Greek_mythology
Amphinome,Greek_mythology
Amphinome,Greek_mythology
Amphinomus,Greek_mythology
Amphinomus,Greek_mythology
Amphissa_(mythology),Greek_mythology
Amphissa_(mythology),Greek_mythology
Amphissus,Greek_mythology
Amphissus,Greek_mythology
Amphitheus_I,Greek_mythology
Amphitheus_I,Greek_mythology
Amphius,Greek_mythology
Amphius,Greek_mythology
Ampyx,Greek_mythology
Ampyx,Greek_mythology
Amykos,Greek_mythology
Amykos,Greek_mythology
Amyntor,Greek_mythology
Amyntor,Greek_mythology
Anaxagoras_(mythology),Greek_mythology
Anaxagoras_(mythology),Greek_mythology
Anaxarete,Greek_mythology
Anaxarete,Greek_mythology
Anaxo,Greek_mythology
Anaxo,Greek_mythology
Anchialus,Greek_mythology
Anchialus,Greek_mythology
Andraemon,Greek_mythology
Andraemon,Greek_mythology
Antandre,Greek_mythology
Antandre,Greek_mythology
Anthas,Greek_mythology
Anthas,Greek_mythology
Anthedon_(mythology),Greek_mythology
Anthedon_(mythology),Greek_mythology
Anthelea,Greek_mythology
Anthelea,Greek_mythology
Anthousai,Greek_mythology
Anthousai,Greek_mythology
Anthus_(mythology),Greek_mythology
Anthus_(mythology),Greek_mythology
Antinous_son_of_Eupeithes,Greek_mythology
Antinous_son_of_Eupeithes,Greek_mythology
Antiochus_(mythology),Greek_mythology
Antiochus_(mythology),Greek_mythology
Antiphates,Greek_mythology
Antiphates,Greek_mythology
Alcaeus_(mythology),Greek_mythology
Alcaeus_(mythology),Greek_mythology
Alcibie,Greek_mythology
Alcibie,Greek_mythology
Alcidice,Greek_mythology
Alcidice,Greek_mythology
Alcimache,Greek_mythology
Alcimache,Greek_mythology
Alcimus_(mythology),Greek_mythology
Alcimus_(mythology),Greek_mythology
Alcinoe,Greek_mythology
Alcinoe,Greek_mythology
Alectryon_(mythology),Greek_mythology
Alectryon_(mythology),Greek_mythology
Aletes_(son_of_Aegisthus),Greek_mythology
Aletes_(son_of_Aegisthus),Greek_mythology
Alke,Greek_mythology
Alke,Greek_mythology
Alkyonides,Greek_mythology
Alkyonides,Greek_mythology
Almus_(son_of_Sisyphus),Greek_mythology
Almus_(son_of_Sisyphus),Greek_mythology
Aloeus,Greek_mythology
Aloeus,Greek_mythology
Alope,Greek_mythology
Alope,Greek_mythology
Altes,Greek_mythology
Altes,Greek_mythology
Amarynceus,Greek_mythology
Amarynceus,Greek_mythology
Amarynthus,Greek_mythology
Amarynthus,Greek_mythology
Ambracia_(mythology),Greek_mythology
Ambracia_(mythology),Greek_mythology
Antor,Greek_mythology
Antor,Greek_mythology
Anytos,Greek_mythology
Anytos,Greek_mythology
Aphareus,Greek_mythology
Aphareus,Greek_mythology
Apheidas,Greek_mythology
Apheidas,Greek_mythology
Apisaon,Greek_mythology
Apisaon,Greek_mythology
Apollo_Citharoedus,Greek_mythology
Apollo_Citharoedus,Greek_mythology
Arae,Greek_mythology
Arae,Greek_mythology
Arceophon,Greek_mythology
Arceophon,Greek_mythology
Arcesilaus_(mythology),Greek_mythology
Arcesilaus_(mythology),Greek_mythology
Arcesius,Greek_mythology
Arcesius,Greek_mythology
Archelochus,Greek_mythology
Archelochus,Greek_mythology
Archemachus_of_Euboea,Greek_mythology
Archemachus_of_Euboea,Greek_mythology
Ardeas,Greek_mythology
Ardeas,Greek_mythology
Areithous,Greek_mythology
Areithous,Greek_mythology
Arestor,Greek_mythology
Arestor,Greek_mythology
Aretaon,Greek_mythology
Aretaon,Greek_mythology
Arete_(mythology),Greek_mythology
Arete_(mythology),Greek_mythology
Areto,Greek_mythology
Areto,Greek_mythology
Aretus,Greek_mythology
Aretus,Greek_mythology
Arges_(cyclops),Greek_mythology
Arges_(cyclops),Greek_mythology
Argeus_(king_of_Argos),Greek_mythology
Argeus_(king_of_Argos),Greek_mythology
Argonautica_Orphica,Greek_mythology
Argonautica_Orphica,Greek_mythology
Argus_(king_of_Argos),Greek_mythology
Argus_(king_of_Argos),Greek_mythology
Argus_(son_of_Arestor),Greek_mythology
Argus_(son_of_Arestor),Greek_mythology
Argyre,Greek_mythology
Argyre,Greek_mythology
Aristomachus,Greek_mythology
Aristomachus,Greek_mythology
Arktos,Greek_mythology
Arktos,Greek_mythology
Arne_(mythology),Greek_mythology
Arne_(mythology),Greek_mythology
Asbolus,Greek_mythology
Asbolus,Greek_mythology
Asius_(mythology),Greek_mythology
Asius_(mythology),Greek_mythology
Asius_(son_of_Hyrtacus),Greek_mythology
Asius_(son_of_Hyrtacus),Greek_mythology
Aspalis,Greek_mythology
Aspalis,Greek_mythology
Assaracus,Greek_mythology
Assaracus,Greek_mythology
Asterodia,Greek_mythology
Asterodia,Greek_mythology
Astomi,Greek_mythology
Astomi,Greek_mythology
Astrabacus,Greek_mythology
Astrabacus,Greek_mythology
Astydameia,Greek_mythology
Astydameia,Greek_mythology
Astymedusa,Greek_mythology
Astymedusa,Greek_mythology
Astyoche,Greek_mythology
Astyoche,Greek_mythology
Atlas_of_Mauretania,Greek_mythology
Atlas_of_Mauretania,Greek_mythology
Atrax_(mythology),Greek_mythology
Atrax_(mythology),Greek_mythology
Auge,Greek_mythology
Auge,Greek_mythology
Auletes,Greek_mythology
Auletes,Greek_mythology
Autarieus,Greek_mythology
Autarieus,Greek_mythology
Autesion,Greek_mythology
Autesion,Greek_mythology
Autochthe,Greek_mythology
Autochthe,Greek_mythology
Autolaus,Greek_mythology
Autolaus,Greek_mythology
Automedon,Greek_mythology
Automedon,Greek_mythology
Autonous,Greek_mythology
Autonous,Greek_mythology
Autonoë,Greek_mythology
Autonoë,Greek_mythology
Axylus,Greek_mythology
Axylus,Greek_mythology
Azan_(mythology),Greek_mythology
Azan_(mythology),Greek_mythology
Abaeus,Greek_mythology
Abaeus,Greek_mythology
Abarbarea,Greek_mythology
Abarbarea,Greek_mythology
Abia_(mythology),Greek_mythology
Abia_(mythology),Greek_mythology
Acadine,Greek_mythology
Acadine,Greek_mythology
Acallaris,Greek_mythology
Acallaris,Greek_mythology
Acanthis_(mythology),Greek_mythology
Acanthis_(mythology),Greek_mythology
Acarnan,Greek_mythology
Acarnan,Greek_mythology
Aceso,Greek_mythology
Aceso,Greek_mythology
Acessamenus,Greek_mythology
Acessamenus,Greek_mythology
Achaemenides,Greek_mythology
Achaemenides,Greek_mythology
Achaeus_(son_of_Xuthus),Greek_mythology
Achaeus_(son_of_Xuthus),Greek_mythology
Achiroe,Greek_mythology
Achiroe,Greek_mythology
Achlys,Greek_mythology
Achlys,Greek_mythology
Acmon_(Dactyl),Greek_mythology
Acmon_(Dactyl),Greek_mythology
Acontius,Greek_mythology
Acontius,Greek_mythology
Acraea,Greek_mythology
Acraea,Greek_mythology
Acraepheus,Greek_mythology
Acraepheus,Greek_mythology
Acratopotes,Greek_mythology
Acratopotes,Greek_mythology
Actis,Greek_mythology
Actis,Greek_mythology
Adamanthea,Greek_mythology
Adamanthea,Greek_mythology
Adikia,Greek_mythology
Adikia,Greek_mythology
Adrestia,Greek_mythology
Adrestia,Greek_mythology
Aegeus_(hero),Greek_mythology
Aegeus_(hero),Greek_mythology
Aegiale_(daughter_of_Helios),Greek_mythology
Aegiale_(daughter_of_Helios),Greek_mythology
Aegleis,Greek_mythology
Aegleis,Greek_mythology
Aella_(Amazon),Greek_mythology
Aella_(Amazon),Greek_mythology
Aello,Greek_mythology
Aello,Greek_mythology
Aeneads,Greek_mythology
Aeneads,Greek_mythology
Aenete,Greek_mythology
Aenete,Greek_mythology
Aeneus_(of_Aenus),Greek_mythology
Aeneus_(of_Aenus),Greek_mythology
Aergia,Greek_mythology
Aergia,Greek_mythology
Aethalides,Greek_mythology
Aethalides,Greek_mythology
Aethlius,Greek_mythology
Aethlius,Greek_mythology
Aethon,Greek_mythology
Aethon,Greek_mythology
Aethusa,Greek_mythology
Aethusa,Greek_mythology
Aetna_(nymph),Greek_mythology
Aetna_(nymph),Greek_mythology
Aetnaeus,Greek_mythology
Aetnaeus,Greek_mythology
Agamede,Greek_mythology
Agamede,Greek_mythology
Agapenor,Greek_mythology
Agapenor,Greek_mythology
Agasthenes,Greek_mythology
Agasthenes,Greek_mythology
Agelasta,Greek_mythology
Agelasta,Greek_mythology
Agelaus,Greek_mythology
Agelaus,Greek_mythology
Agrius,Greek_mythology
Agrius,Greek_mythology
Agron_(mythology),Greek_mythology
Agron_(mythology),Greek_mythology
Baptes,Greek_mythology
Baptes,Greek_mythology
Bassareus,Greek_mythology
Bassareus,Greek_mythology
Batea_(mythology),Greek_mythology
Batea_(mythology),Greek_mythology
Bebryces,Greek_mythology
Bebryces,Greek_mythology
Bebrycius,Greek_mythology
Bebrycius,Greek_mythology
Benthesikyme,Greek_mythology
Benthesikyme,Greek_mythology
Beres_(mythology),Greek_mythology
Beres_(mythology),Greek_mythology
Bernard_Evslin,Greek_mythology
Bernard_Evslin,Greek_mythology
Beroe_(mythology),Greek_mythology
Beroe_(mythology),Greek_mythology
Bias_(mythology),Greek_mythology
Bias_(mythology),Greek_mythology
Bienor_(mythology),Greek_mythology
Bienor_(mythology),Greek_mythology
Bisaltes,Greek_mythology
Bisaltes,Greek_mythology
Boeotus,Greek_mythology
Boeotus,Greek_mythology
Boreads,Greek_mythology
Boreads,Greek_mythology
Borus,Greek_mythology
Borus,Greek_mythology
Bouzyges,Greek_mythology
Bouzyges,Greek_mythology
Boösaule,Greek_mythology
Boösaule,Greek_mythology
Briseus,Greek_mythology
Briseus,Greek_mythology
Bucolion,Greek_mythology
Bucolion,Greek_mythology
Bacchoi,Greek_mythology
Bacchoi,Greek_mythology
Charnabon,Greek_mythology
Charnabon,Greek_mythology
Charops_(mythology),Greek_mythology
Charops_(mythology),Greek_mythology
Chione_(daughter_of_Boreas),Greek_mythology
Chione_(daughter_of_Boreas),Greek_mythology
Chione_(daughter_of_Callirrhoe),Greek_mythology
Chione_(daughter_of_Callirrhoe),Greek_mythology
Chromia,Greek_mythology
Chromia,Greek_mythology
Chrysanthis,Greek_mythology
Chrysanthis,Greek_mythology
Chryse_(mythology),Greek_mythology
Chryse_(mythology),Greek_mythology
Chrysopeleia_(mythology),Greek_mythology
Chrysopeleia_(mythology),Greek_mythology
Chthonius,Greek_mythology
Chthonius,Greek_mythology
Chthonophyle,Greek_mythology
Chthonophyle,Greek_mythology
Cilix,Greek_mythology
Cilix,Greek_mythology
Cithaeron__Greek-myth-stub__1,Greek_mythology
Cithaeron__Greek-myth-stub__1,Greek_mythology
Cleite,Greek_mythology
Cleite,Greek_mythology
Cleoboea,Greek_mythology
Cleoboea,Greek_mythology
Cleobule,Greek_mythology
Cleobule,Greek_mythology
Cleodaeus,Greek_mythology
Cleodaeus,Greek_mythology
Cleolaus,Greek_mythology
Cleolaus,Greek_mythology
Cleopatra_Alcyone,Greek_mythology
Cleopatra_Alcyone,Greek_mythology
Clinis,Greek_mythology
Clinis,Greek_mythology
Clysonymus,Greek_mythology
Clysonymus,Greek_mythology
Clytus_(mythology),Greek_mythology
Clytus_(mythology),Greek_mythology
Coeranus_(mythology),Greek_mythology
Coeranus_(mythology),Greek_mythology
Comaetho,Greek_mythology
Comaetho,Greek_mythology
Combe_(mythology),Greek_mythology
Combe_(mythology),Greek_mythology
Copreus,Greek_mythology
Copreus,Greek_mythology
Coresus,Greek_mythology
Coresus,Greek_mythology
Corinthus,Greek_mythology
Corinthus,Greek_mythology
Coroebus,Greek_mythology
Coroebus,Greek_mythology
Coronaeus,Greek_mythology
Coronaeus,Greek_mythology
Coronis_(mythology),Greek_mythology
Coronis_(mythology),Greek_mythology
Corus_(mythology),Greek_mythology
Corus_(mythology),Greek_mythology
Corycia,Greek_mythology
Corycia,Greek_mythology
Coön,Greek_mythology
Coön,Greek_mythology
Cragaleus,Greek_mythology
Cragaleus,Greek_mythology
Crantor_(mythology),Greek_mythology
Crantor_(mythology),Greek_mythology
Creon_(king_of_Corinth),Greek_mythology
Creon_(king_of_Corinth),Greek_mythology
Cretheus,Greek_mythology
Cretheus,Greek_mythology
Crino,Greek_mythology
Crino,Greek_mythology
Crisus,Greek_mythology
Crisus,Greek_mythology
Crocus_(mythology),Greek_mythology
Crocus_(mythology),Greek_mythology
Crommyonian_Sow,Greek_mythology
Crommyonian_Sow,Greek_mythology
Crotopus,Greek_mythology
Crotopus,Greek_mythology
Ctesippus,Greek_mythology
Ctesippus,Greek_mythology
Ctesylla,Greek_mythology
Ctesylla,Greek_mythology
Ctimene,Greek_mythology
Ctimene,Greek_mythology
Cyamites,Greek_mythology
Cyamites,Greek_mythology
Cyane,Greek_mythology
Cyane,Greek_mythology
Cyllarus,Greek_mythology
Cyllarus,Greek_mythology
Cymopoleia,Greek_mythology
Cymopoleia,Greek_mythology
Cynosarges,Greek_mythology
Cynosarges,Greek_mythology
Cynurus,Greek_mythology
Cynurus,Greek_mythology
Calesius,Greek_mythology
Calesius,Greek_mythology
Caletor,Greek_mythology
Caletor,Greek_mythology
Caliadne,Greek_mythology
Caliadne,Greek_mythology
Callidice,Greek_mythology
Callidice,Greek_mythology
Calyce_(mythology),Greek_mythology
Calyce_(mythology),Greek_mythology
Calydnus,Greek_mythology
Calydnus,Greek_mythology
Calydon_(son_of_Aetolus),Greek_mythology
Calydon_(son_of_Aetolus),Greek_mythology
Canace,Greek_mythology
Canace,Greek_mythology
Candalus,Greek_mythology
Candalus,Greek_mythology
Candaon,Greek_mythology
Candaon,Greek_mythology
Canethus,Greek_mythology
Canethus,Greek_mythology
Canopus_(mythology),Greek_mythology
Canopus_(mythology),Greek_mythology
Canthus_(mythology),Greek_mythology
Canthus_(mythology),Greek_mythology
Capaneus,Greek_mythology
Capaneus,Greek_mythology
Capys,Greek_mythology
Capys,Greek_mythology
Car_(Greek_mythology),Greek_mythology
Car_(Greek_mythology),Greek_mythology
Car_(King_of_Caria),Greek_mythology
Car_(King_of_Caria),Greek_mythology
Carius,Greek_mythology
Carius,Greek_mythology
Carnus,Greek_mythology
Carnus,Greek_mythology
Carya_(daughter_of_Dion),Greek_mythology
Carya_(daughter_of_Dion),Greek_mythology
Carystus_(mythology),Greek_mythology
Carystus_(mythology),Greek_mythology
Cassotis,Greek_mythology
Cassotis,Greek_mythology
Castalia,Greek_mythology
Castalia,Greek_mythology
Caucon,Greek_mythology
Caucon,Greek_mythology
Celtine,Greek_mythology
Celtine,Greek_mythology
"Cepheus,_King_of_Aethiopia__Greek-myth-stub__1",Greek_mythology
"Cepheus,_King_of_Aethiopia__Greek-myth-stub__1",Greek_mythology
Cerambus,Greek_mythology
Cerambus,Greek_mythology
Cerastes,Greek_mythology
Cerastes,Greek_mythology
Cercaphus,Greek_mythology
Cercaphus,Greek_mythology
Cerdo_(mythology),Greek_mythology
Cerdo_(mythology),Greek_mythology
Cestrinus,Greek_mythology
Cestrinus,Greek_mythology
Ceyx_(father_of_Hippasus),Greek_mythology
Ceyx_(father_of_Hippasus),Greek_mythology
Chaeresilaus,Greek_mythology
Chaeresilaus,Greek_mythology
Chalciope,Greek_mythology
Chalciope,Greek_mythology
Chalcodon,Greek_mythology
Chalcodon,Greek_mythology
Chalcon,Greek_mythology
Chalcon,Greek_mythology
Daphnis,Greek_mythology
Daphnis,Greek_mythology
Dares_Phrygius,Greek_mythology
Dares_Phrygius,Greek_mythology
Dascylus,Greek_mythology
Dascylus,Greek_mythology
Deidamia_(mythology),Greek_mythology
Deidamia_(mythology),Greek_mythology
Deileon,Greek_mythology
Deileon,Greek_mythology
Deioneus,Greek_mythology
Deioneus,Greek_mythology
Deipyle,Greek_mythology
Deipyle,Greek_mythology
Delphyne,Greek_mythology
Delphyne,Greek_mythology
Democoon,Greek_mythology
Democoon,Greek_mythology
Demonassa,Greek_mythology
Demonassa,Greek_mythology
Demoptolemus,Greek_mythology
Demoptolemus,Greek_mythology
Dercetis_(mythology),Greek_mythology
Dercetis_(mythology),Greek_mythology
Dexamenus,Greek_mythology
Dexamenus,Greek_mythology
Dia_(mythology),Greek_mythology
Dia_(mythology),Greek_mythology
Dictys,Greek_mythology
Dictys,Greek_mythology
Dimoetes,Greek_mythology
Dimoetes,Greek_mythology
Dindymon,Greek_mythology
Dindymon,Greek_mythology
Diocles_(mythology),Greek_mythology
Diocles_(mythology),Greek_mythology
Dius,Greek_mythology
Dius,Greek_mythology
Dolius,Greek_mythology
Dolius,Greek_mythology
Dolon_(mythology),Greek_mythology
Dolon_(mythology),Greek_mythology
Dolos_(mythology),Greek_mythology
Dolos_(mythology),Greek_mythology
Doryclus,Greek_mythology
Doryclus,Greek_mythology
Dotis,Greek_mythology
Dotis,Greek_mythology
Drosera_(naiad),Greek_mythology
Drosera_(naiad),Greek_mythology
Dryops_(Oeta),Greek_mythology
Dryops_(Oeta),Greek_mythology
Dymas,Greek_mythology
Dymas,Greek_mythology
Dyssebeia,Greek_mythology
Dyssebeia,Greek_mythology
Damastor,Greek_mythology
Damastor,Greek_mythology
Eetion,Greek_mythology
Eetion,Greek_mythology
Eioneus,Greek_mythology
Eioneus,Greek_mythology
Eirene_(daughter_of_Poseidon),Greek_mythology
Eirene_(daughter_of_Poseidon),Greek_mythology
Ekecheiria,Greek_mythology
Ekecheiria,Greek_mythology
Eleionomae,Greek_mythology
Eleionomae,Greek_mythology
Eleius,Greek_mythology
Eleius,Greek_mythology
Eleos,Greek_mythology
Eleos,Greek_mythology
Elephenor,Greek_mythology
Elephenor,Greek_mythology
Eleusis_(mythology),Greek_mythology
Eleusis_(mythology),Greek_mythology
Eleuther,Greek_mythology
Eleuther,Greek_mythology
Emathion,Greek_mythology
Emathion,Greek_mythology
Emathus,Greek_mythology
Emathus,Greek_mythology
Enalus,Greek_mythology
Enalus,Greek_mythology
Enarephoros,Greek_mythology
Enarephoros,Greek_mythology
Enarete,Greek_mythology
Enarete,Greek_mythology
Enchelus,Greek_mythology
Enchelus,Greek_mythology
Ennomus,Greek_mythology
Ennomus,Greek_mythology
Enorches,Greek_mythology
Enorches,Greek_mythology
Entellus,Greek_mythology
Entellus,Greek_mythology
Enyeus,Greek_mythology
Enyeus,Greek_mythology
Epactaeus,Greek_mythology
Epactaeus,Greek_mythology
Echemus,Greek_mythology
Echemus,Greek_mythology
Echephron,Greek_mythology
Echephron,Greek_mythology
Ectenes,Greek_mythology
Ectenes,Greek_mythology
Epeius,Greek_mythology
Epeius,Greek_mythology
Epiales,Greek_mythology
Epiales,Greek_mythology
Epicaste,Greek_mythology
Epicaste,Greek_mythology
Epidaurus_(mythology),Greek_mythology
Epidaurus_(mythology),Greek_mythology
Epione,Greek_mythology
Epione,Greek_mythology
Epipole_of_Carystus,Greek_mythology
Epipole_of_Carystus,Greek_mythology
Epistrophus_(Greek_mythology),Greek_mythology
Epistrophus_(Greek_mythology),Greek_mythology
Epochus,Greek_mythology
Epochus,Greek_mythology
Ereuthalion,Greek_mythology
Ereuthalion,Greek_mythology
Erginus,Greek_mythology
Erginus,Greek_mythology
Eribotes,Greek_mythology
Eribotes,Greek_mythology
Eriopis,Greek_mythology
Eriopis,Greek_mythology
Erymanthus_(name),Greek_mythology
Erymanthus_(name),Greek_mythology
Erysichthon_of_Attica,Greek_mythology
Erysichthon_of_Attica,Greek_mythology
Erythras,Greek_mythology
Erythras,Greek_mythology
Eryx,Greek_mythology
Eryx,Greek_mythology
Eteocles_(son_of_Andreus),Greek_mythology
Eteocles_(son_of_Andreus),Greek_mythology
Eteoneus,Greek_mythology
Eteoneus,Greek_mythology
Euboea_(mythology),Greek_mythology
Euboea_(mythology),Greek_mythology
Euchenor,Greek_mythology
Euchenor,Greek_mythology
Eudoros,Greek_mythology
Eudoros,Greek_mythology
Euippe,Greek_mythology
Euippe,Greek_mythology
Euippe_(daughter_of_Tyrimmas),Greek_mythology
Euippe_(daughter_of_Tyrimmas),Greek_mythology
Eumedes,Greek_mythology
Eumedes,Greek_mythology
Eumolpidae,Greek_mythology
Eumolpidae,Greek_mythology
Euneus,Greek_mythology
Euneus,Greek_mythology
Eunomia_(goddess),Greek_mythology
Eunomia_(goddess),Greek_mythology
Eunostus_(hero),Greek_mythology
Eunostus_(hero),Greek_mythology
Euonymus_(mythology),Greek_mythology
Euonymus_(mythology),Greek_mythology
Eupeithes,Greek_mythology
Eupeithes,Greek_mythology
Euphorbus,Greek_mythology
Euphorbus,Greek_mythology
Euphorion_(mythology),Greek_mythology
Euphorion_(mythology),Greek_mythology
Eupraxia_(mythology),Greek_mythology
Eupraxia_(mythology),Greek_mythology
Europs_(mythology),Greek_mythology
Europs_(mythology),Greek_mythology
Euryale,Greek_mythology
Euryale,Greek_mythology
Euryanassa,Greek_mythology
Euryanassa,Greek_mythology
Eurybates,Greek_mythology
Eurybates,Greek_mythology
Eurydamas,Greek_mythology
Eurydamas,Greek_mythology
Eurydice_of_Mycenae,Greek_mythology
Eurydice_of_Mycenae,Greek_mythology
Eurydice_of_Pylos,Greek_mythology
Eurydice_of_Pylos,Greek_mythology
Eurydice_of_Thebes,Greek_mythology
Eurydice_of_Thebes,Greek_mythology
Eurydice_of_Troy,Greek_mythology
Eurydice_of_Troy,Greek_mythology
Euryganeia,Greek_mythology
Euryganeia,Greek_mythology
Eurymedousa,Greek_mythology
Eurymedousa,Greek_mythology
Eurynome_(daughter_of_Nisus),Greek_mythology
Eurynome_(daughter_of_Nisus),Greek_mythology
Eurynomos,Greek_mythology
Eurynomos,Greek_mythology
Eurypyle_(Amazon),Greek_mythology
Eurypyle_(Amazon),Greek_mythology
Eurypyle_(maenad),Greek_mythology
Eurypyle_(maenad),Greek_mythology
Eurysaces,Greek_mythology
Eurysaces,Greek_mythology
Eurythemis,Greek_mythology
Eurythemis,Greek_mythology
Eurythemista,Greek_mythology
Eurythemista,Greek_mythology
Euxantius,Greek_mythology
Euxantius,Greek_mythology
Evadne,Greek_mythology
Evadne,Greek_mythology
Evaechme,Greek_mythology
Evaechme,Greek_mythology
Evippus,Greek_mythology
Evippus,Greek_mythology
Gelanor,Greek_mythology
Gelanor,Greek_mythology
Gelos_(mythology),Greek_mythology
Gelos_(mythology),Greek_mythology
Gerana,Greek_mythology
Gerana,Greek_mythology
Galas,Greek_mythology
Galas,Greek_mythology
Galene_(mythology),Greek_mythology
Galene_(mythology),Greek_mythology
Gargareans,Greek_mythology
Gargareans,Greek_mythology
Gargasus,Greek_mythology
Gargasus,Greek_mythology
Glaucia,Greek_mythology
Glaucia,Greek_mythology
Glaucippe,Greek_mythology
Glaucippe,Greek_mythology
Golgos,Greek_mythology
Golgos,Greek_mythology
Gorgophone,Greek_mythology
Gorgophone,Greek_mythology
Hermippe,Greek_mythology
Hermippe,Greek_mythology
Hero_(mythology),Greek_mythology
Hero_(mythology),Greek_mythology
Hicetaon,Greek_mythology
Hicetaon,Greek_mythology
Hiera_(mythology),Greek_mythology
Hiera_(mythology),Greek_mythology
Hieromneme,Greek_mythology
Hieromneme,Greek_mythology
Hilaeira,Greek_mythology
Hilaeira,Greek_mythology
Himalia_(mythology),Greek_mythology
Himalia_(mythology),Greek_mythology
Hippalcimus,Greek_mythology
Hippalcimus,Greek_mythology
Hippe,Greek_mythology
Hippe,Greek_mythology
Hippocrene,Greek_mythology
Hippocrene,Greek_mythology
Hippodamia_(wife_of_Pirithous),Greek_mythology
Hippodamia_(wife_of_Pirithous),Greek_mythology
Hipponous,Greek_mythology
Hipponous,Greek_mythology
Hippotes,Greek_mythology
Hippotes,Greek_mythology
Hodites,Greek_mythology
Hodites,Greek_mythology
Hodoedocus,Greek_mythology
Hodoedocus,Greek_mythology
Homados,Greek_mythology
Homados,Greek_mythology
Hyamus,Greek_mythology
Hyamus,Greek_mythology
Hyettus,Greek_mythology
Hyettus,Greek_mythology
Hylaeus_and_Rhoecus,Greek_mythology
Hylaeus_and_Rhoecus,Greek_mythology
Hylonome,Greek_mythology
Hylonome,Greek_mythology
Hyperenor,Greek_mythology
Hyperenor,Greek_mythology
Hyperippe,Greek_mythology
Hyperippe,Greek_mythology
Hypermnestra_(daughter_of_Thestius),Greek_mythology
Hypermnestra_(daughter_of_Thestius),Greek_mythology
Hyperphas,Greek_mythology
Hyperphas,Greek_mythology
Hypsenor,Greek_mythology
Hypsenor,Greek_mythology
Hypseus,Greek_mythology
Hypseus,Greek_mythology
Hyrmine,Greek_mythology
Hyrmine,Greek_mythology
Hyrtacus,Greek_mythology
Hyrtacus,Greek_mythology
Hysminai,Greek_mythology
Hysminai,Greek_mythology
Harpalykos,Greek_mythology
Harpalykos,Greek_mythology
Hecamede,Greek_mythology
Hecamede,Greek_mythology
Hecaton,Greek_mythology
Hecaton,Greek_mythology
Heleus,Greek_mythology
Heleus,Greek_mythology
Heliadae,Greek_mythology
Heliadae,Greek_mythology
Heliadai,Greek_mythology
Heliadai,Greek_mythology
Helicaon,Greek_mythology
Helicaon,Greek_mythology
Helle_(mythology),Greek_mythology
Helle_(mythology),Greek_mythology
Hellen,Greek_mythology
Hellen,Greek_mythology
Hemithea_(mythology),Greek_mythology
Hemithea_(mythology),Greek_mythology
Herippe,Greek_mythology
Herippe,Greek_mythology
Haemus,Greek_mythology
Haemus,Greek_mythology
Hagnias,Greek_mythology
Hagnias,Greek_mythology
Halaesus,Greek_mythology
Halaesus,Greek_mythology
Halcyon_(dialogue),Greek_mythology
Halcyon_(dialogue),Greek_mythology
Halitherses,Greek_mythology
Halitherses,Greek_mythology
Ialmenus,Greek_mythology
Ialmenus,Greek_mythology
Iamus,Greek_mythology
Iamus,Greek_mythology
Iapyx,Greek_mythology
Iapyx,Greek_mythology
Iasion,Greek_mythology
Iasion,Greek_mythology
Idmon,Greek_mythology
Idmon,Greek_mythology
Ilione,Greek_mythology
Ilione,Greek_mythology
Ilioneus,Greek_mythology
Ilioneus,Greek_mythology
Imbrius,Greek_mythology
Imbrius,Greek_mythology
Imbrus,Greek_mythology
Imbrus,Greek_mythology
Immaradus,Greek_mythology
Immaradus,Greek_mythology
Iobates,Greek_mythology
Iobates,Greek_mythology
Iphianassa,Greek_mythology
Iphianassa,Greek_mythology
Iphianeira,Greek_mythology
Iphianeira,Greek_mythology
Iphidamas,Greek_mythology
Iphidamas,Greek_mythology
Iphito,Greek_mythology
Iphito,Greek_mythology
Iphthime,Greek_mythology
Iphthime,Greek_mythology
Ipotane,Greek_mythology
Ipotane,Greek_mythology
Ischys,Greek_mythology
Ischys,Greek_mythology
Ismene_(daughter_of_Asopus),Greek_mythology
Ismene_(daughter_of_Asopus),Greek_mythology
Ismenis,Greek_mythology
Ismenis,Greek_mythology
Ismenus,Greek_mythology
Ismenus,Greek_mythology
Isonoe,Greek_mythology
Isonoe,Greek_mythology
Isus_(mythology),Greek_mythology
Isus_(mythology),Greek_mythology
Itonus,Greek_mythology
Itonus,Greek_mythology
Iynx,Greek_mythology
Iynx,Greek_mythology
Kalamos,Greek_mythology
Kalamos,Greek_mythology
Kaunos_(mythology),Greek_mythology
Kaunos_(mythology),Greek_mythology
Kebriones,Greek_mythology
Kebriones,Greek_mythology
Keltine,Greek_mythology
Keltine,Greek_mythology
Keltos,Greek_mythology
Keltos,Greek_mythology
Kerukes,Greek_mythology
Kerukes,Greek_mythology
Khalkotauroi,Greek_mythology
Khalkotauroi,Greek_mythology
Koalemos,Greek_mythology
Koalemos,Greek_mythology
Kratos_(mythology),Greek_mythology
Kratos_(mythology),Greek_mythology
Krotos,Greek_mythology
Krotos,Greek_mythology
Kydoimos,Greek_mythology
Kydoimos,Greek_mythology
Kyrbas,Greek_mythology
Kyrbas,Greek_mythology
Lybie,Greek_mythology
Lybie,Greek_mythology
Lycaon_(Troy),Greek_mythology
Lycaon_(Troy),Greek_mythology
Lycaste_(mythology),Greek_mythology
Lycaste_(mythology),Greek_mythology
Lycastus,Greek_mythology
Lycastus,Greek_mythology
Lycomedes,Greek_mythology
Lycomedes,Greek_mythology
Lycomedes_(son_of_Creon),Greek_mythology
Lycomedes_(son_of_Creon),Greek_mythology
Lycurgus_of_Nemea,Greek_mythology
Lycurgus_of_Nemea,Greek_mythology
Lyncus,Greek_mythology
Lyncus,Greek_mythology
Lyrcea,Greek_mythology
Lyrcea,Greek_mythology
Lyrnessus,Greek_mythology
Lyrnessus,Greek_mythology
Lysimache,Greek_mythology
Lysimache,Greek_mythology
Lysithea_(mythology),Greek_mythology
Lysithea_(mythology),Greek_mythology
Labda_(mythology),Greek_mythology
Labda_(mythology),Greek_mythology
Laelaps_(mythology),Greek_mythology
Laelaps_(mythology),Greek_mythology
Laertes,Greek_mythology
Laertes,Greek_mythology
Lamedon_(mythology),Greek_mythology
Lamedon_(mythology),Greek_mythology
Lampos,Greek_mythology
Lampos,Greek_mythology
Lampus,Greek_mythology
Lampus,Greek_mythology
Laodamia,Greek_mythology
Laodamia,Greek_mythology
Laodocus,Greek_mythology
Laodocus,Greek_mythology
Laothoe,Greek_mythology
Laothoe,Greek_mythology
Lapithes_(hero),Greek_mythology
Lapithes_(hero),Greek_mythology
Latinus_Silvius,Greek_mythology
Latinus_Silvius,Greek_mythology
Law_of_abode,Greek_mythology
Law_of_abode,Greek_mythology
Learchus,Greek_mythology
Learchus,Greek_mythology
Leipephilene,Greek_mythology
Leipephilene,Greek_mythology
Leitus,Greek_mythology
Leitus,Greek_mythology
Leonteus_(mythology),Greek_mythology
Leonteus_(mythology),Greek_mythology
Leos,Greek_mythology
Leos,Greek_mythology
Lepreus_(mythology),Greek_mythology
Lepreus_(mythology),Greek_mythology
Leucadius,Greek_mythology
Leucadius,Greek_mythology
Leucippus_(daughter_of_Galatea),Greek_mythology
Leucippus_(daughter_of_Galatea),Greek_mythology
Leucippus_(son_of_Thurimachus),Greek_mythology
Leucippus_(son_of_Thurimachus),Greek_mythology
Leucon,Greek_mythology
Leucon,Greek_mythology
Leuconoe,Greek_mythology
Leuconoe,Greek_mythology
Leucophrye,Greek_mythology
Leucophrye,Greek_mythology
Lichas,Greek_mythology
Lichas,Greek_mythology
Lichas_(Spartan),Greek_mythology
Lichas_(Spartan),Greek_mythology
Licymnius,Greek_mythology
Licymnius,Greek_mythology
Lilaea,Greek_mythology
Lilaea,Greek_mythology
Lityerses,Greek_mythology
Lityerses,Greek_mythology
Lophis,Greek_mythology
Lophis,Greek_mythology
Lotis_(mythology),Greek_mythology
Lotis_(mythology),Greek_mythology
Macar,Greek_mythology
Macar,Greek_mythology
Macareus_(son_of_Aeolus),Greek_mythology
Macareus_(son_of_Aeolus),Greek_mythology
Macareus_(son_of_Helios),Greek_mythology
Macareus_(son_of_Helios),Greek_mythology
Machaon_(physician),Greek_mythology
Machaon_(physician),Greek_mythology
Macris,Greek_mythology
Macris,Greek_mythology
Maeon,Greek_mythology
Maeon,Greek_mythology
Maera_(hound),Greek_mythology
Maera_(hound),Greek_mythology
Magnes_(mythology),Greek_mythology
Magnes_(mythology),Greek_mythology
Mantius,Greek_mythology
Mantius,Greek_mythology
Mecisteus,Greek_mythology
Mecisteus,Greek_mythology
Megapenthes,Greek_mythology
Megapenthes,Greek_mythology
Megareus_of_Onchestus,Greek_mythology
Megareus_of_Onchestus,Greek_mythology
Megareus_of_Thebes,Greek_mythology
Megareus_of_Thebes,Greek_mythology
Meges,Greek_mythology
Meges,Greek_mythology
Melaneus,Greek_mythology
Melaneus,Greek_mythology
Melanthus,Greek_mythology
Melanthus,Greek_mythology
Melite_(heroine),Greek_mythology
Melite_(heroine),Greek_mythology
Memphis_(mythology),Greek_mythology
Memphis_(mythology),Greek_mythology
Menestheus,Greek_mythology
Menestheus,Greek_mythology
Menesthius,Greek_mythology
Menesthius,Greek_mythology
Menippe_and_Metioche,Greek_mythology
Menippe_and_Metioche,Greek_mythology
Mermeros_and_Pheres,Greek_mythology
Mermeros_and_Pheres,Greek_mythology
Merope_(Oedipus),Greek_mythology
Merope_(Oedipus),Greek_mythology
Messapus_(King_of_Sicyon),Greek_mythology
Messapus_(King_of_Sicyon),Greek_mythology
Messene_(mythology),Greek_mythology
Messene_(mythology),Greek_mythology
Mestor,Greek_mythology
Mestor,Greek_mythology
Metanira,Greek_mythology
Metanira,Greek_mythology
Metion,Greek_mythology
Metion,Greek_mythology
Mideia,Greek_mythology
Mideia,Greek_mythology
Mariandynus,Greek_mythology
Mariandynus,Greek_mythology
Marpessa,Greek_mythology
Marpessa,Greek_mythology
Mimas_(Aeneid),Greek_mythology
Mimas_(Aeneid),Greek_mythology
Minyas_(mythology),Greek_mythology
Minyas_(mythology),Greek_mythology
Molurus,Greek_mythology
Molurus,Greek_mythology
Molus_(mythology),Greek_mythology
Molus_(mythology),Greek_mythology
Moria_(nymph),Greek_mythology
Moria_(nymph),Greek_mythology
Mormolykeia,Greek_mythology
Mormolykeia,Greek_mythology
Mount_Agdistis,Greek_mythology
Mount_Agdistis,Greek_mythology
Mount_Tanagra,Greek_mythology
Mount_Tanagra,Greek_mythology
Mount_Triphyle,Greek_mythology
Mount_Triphyle,Greek_mythology
Munichus,Greek_mythology
Munichus,Greek_mythology
Mydon,Greek_mythology
Mydon,Greek_mythology
Mygdon_of_Bebryces,Greek_mythology
Mygdon_of_Bebryces,Greek_mythology
Mygdon_of_Phrygia,Greek_mythology
Mygdon_of_Phrygia,Greek_mythology
Myrmekes,Greek_mythology
Myrmekes,Greek_mythology
Myrmidon_(hero),Greek_mythology
Myrmidon_(hero),Greek_mythology
Myrmidone,Greek_mythology
Myrmidone,Greek_mythology
Myrto_(mythology),Greek_mythology
Myrto_(mythology),Greek_mythology
Mysius,Greek_mythology
Mysius,Greek_mythology
Mysus,Greek_mythology
Mysus,Greek_mythology
Naubolus_(mythology),Greek_mythology
Naubolus_(mythology),Greek_mythology
Nausinous,Greek_mythology
Nausinous,Greek_mythology
Nephalion,Greek_mythology
Nephalion,Greek_mythology
Nicostratus_(mythology),Greek_mythology
Nicostratus_(mythology),Greek_mythology
Niobe_(daughter_of_Phoroneus),Greek_mythology
Niobe_(daughter_of_Phoroneus),Greek_mythology
Nireus,Greek_mythology
Nireus,Greek_mythology
Nomia_(mythology),Greek_mythology
Nomia_(mythology),Greek_mythology
Nysa_(mythology),Greek_mythology
Nysa_(mythology),Greek_mythology
Pedasus,Greek_mythology
Pedasus,Greek_mythology
Peisenor,Greek_mythology
Peisenor,Greek_mythology
Peisistratus_(Odyssey),Greek_mythology
Peisistratus_(Odyssey),Greek_mythology
Peitharchia,Greek_mythology
Peitharchia,Greek_mythology
Pelagon,Greek_mythology
Pelagon,Greek_mythology
Peneleos,Greek_mythology
Peneleos,Greek_mythology
Penthilus,Greek_mythology
Penthilus,Greek_mythology
Perdix_(mythology),Greek_mythology
Perdix_(mythology),Greek_mythology
Pergamus,Greek_mythology
Pergamus,Greek_mythology
Periclymenus,Greek_mythology
Periclymenus,Greek_mythology
Perileos,Greek_mythology
Perileos,Greek_mythology
Perimedes,Greek_mythology
Perimedes,Greek_mythology
Periphas,Greek_mythology
Periphas,Greek_mythology
Periphetes,Greek_mythology
Periphetes,Greek_mythology
Peristhenes,Greek_mythology
Peristhenes,Greek_mythology
Perrhaebus,Greek_mythology
Perrhaebus,Greek_mythology
Perses_(Titan),Greek_mythology
Perses_(Titan),Greek_mythology
Perses_(brother_of_Aeetes),Greek_mythology
Perses_(brother_of_Aeetes),Greek_mythology
Perses_(son_of_Andromeda_and_Perseus),Greek_mythology
Perses_(son_of_Andromeda_and_Perseus),Greek_mythology
Phaeax_(mythology),Greek_mythology
Phaeax_(mythology),Greek_mythology
Phaenops,Greek_mythology
Phaenops,Greek_mythology
Phaethon_(son_of_Eos),Greek_mythology
Phaethon_(son_of_Eos),Greek_mythology
Phaethusa,Greek_mythology
Phaethusa,Greek_mythology
Phalanthus_of_Tarentum,Greek_mythology
Phalanthus_of_Tarentum,Greek_mythology
Phalerus,Greek_mythology
Phalerus,Greek_mythology
Phantes,Greek_mythology
Phantes,Greek_mythology
Pharis_(mythology),Greek_mythology
Pharis_(mythology),Greek_mythology
Phegeus,Greek_mythology
Phegeus,Greek_mythology
Phemonoe,Greek_mythology
Phemonoe,Greek_mythology
Pheres,Greek_mythology
Pheres,Greek_mythology
Palici,Greek_mythology
Palici,Greek_mythology
Palioxis,Greek_mythology
Palioxis,Greek_mythology
Pallantides,Greek_mythology
Pallantides,Greek_mythology
Pallas_(Giant),Greek_mythology
Pallas_(Giant),Greek_mythology
Pallas_(Titan),Greek_mythology
Pallas_(Titan),Greek_mythology
Pallas_(son_of_Lycaon),Greek_mythology
Pallas_(son_of_Lycaon),Greek_mythology
Pallas_(son_of_Pandion),Greek_mythology
Pallas_(son_of_Pandion),Greek_mythology
Pammon,Greek_mythology
Pammon,Greek_mythology
Pamphylus_(mythology),Greek_mythology
Pamphylus_(mythology),Greek_mythology
Pandaie,Greek_mythology
Pandaie,Greek_mythology
Pandorus,Greek_mythology
Pandorus,Greek_mythology
Pangaea_(mountain),Greek_mythology
Pangaea_(mountain),Greek_mythology
Panopeus_(mythology),Greek_mythology
Panopeus_(mythology),Greek_mythology
Pantariste,Greek_mythology
Pantariste,Greek_mythology
Panthous,Greek_mythology
Panthous,Greek_mythology
Parias_(mythology),Greek_mythology
Parias_(mythology),Greek_mythology
Parthenos_(mythology),Greek_mythology
Parthenos_(mythology),Greek_mythology
Philammon,Greek_mythology
Philammon,Greek_mythology
Philonis,Greek_mythology
Philonis,Greek_mythology
Philonoe,Greek_mythology
Philonoe,Greek_mythology
Phlegra_(mythology),Greek_mythology
Phlegra_(mythology),Greek_mythology
Phlegyas,Greek_mythology
Phlegyas,Greek_mythology
Phoebe_(Leucippid),Greek_mythology
Phoebe_(Leucippid),Greek_mythology
Phoenix_(son_of_Agenor),Greek_mythology
Phoenix_(son_of_Agenor),Greek_mythology
Phorcys_(Trojan_War),Greek_mythology
Phorcys_(Trojan_War),Greek_mythology
Phrastor,Greek_mythology
Phrastor,Greek_mythology
Phylacus,Greek_mythology
Phylacus,Greek_mythology
Phylas,Greek_mythology
Phylas,Greek_mythology
Phyleus,Greek_mythology
Phyleus,Greek_mythology
Phyllis_(river_god),Greek_mythology
Phyllis_(river_god),Greek_mythology
Phytalus,Greek_mythology
Phytalus,Greek_mythology
Pindus_(mythology),Greek_mythology
Pindus_(mythology),Greek_mythology
Pisidice,Greek_mythology
Pisidice,Greek_mythology
Pistis,Greek_mythology
Pistis,Greek_mythology
Pittheus,Greek_mythology
Pittheus,Greek_mythology
Pleisthenes,Greek_mythology
Pleisthenes,Greek_mythology
Plexippus,Greek_mythology
Plexippus,Greek_mythology
Podarces,Greek_mythology
Podarces,Greek_mythology
Podarge,Greek_mythology
Podarge,Greek_mythology
Podes,Greek_mythology
Podes,Greek_mythology
Poeas,Greek_mythology
Poeas,Greek_mythology
Poemander_(mythology),Greek_mythology
Poemander_(mythology),Greek_mythology
Polites_(friend_of_Odysseus),Greek_mythology
Polites_(friend_of_Odysseus),Greek_mythology
Polyboea,Greek_mythology
Polyboea,Greek_mythology
Polybus_(Odyssey),Greek_mythology
Polybus_(Odyssey),Greek_mythology
Polybus_(Trojan_War),Greek_mythology
Polybus_(Trojan_War),Greek_mythology
Polybus_of_Corinth,Greek_mythology
Polybus_of_Corinth,Greek_mythology
Polybus_of_Sicyon,Greek_mythology
Polybus_of_Sicyon,Greek_mythology
Polycaon,Greek_mythology
Polycaon,Greek_mythology
Polycaste,Greek_mythology
Polycaste,Greek_mythology
Polyctor,Greek_mythology
Polyctor,Greek_mythology
Polydorus_(son_of_Astyanax),Greek_mythology
Polydorus_(son_of_Astyanax),Greek_mythology
Polymatheia,Greek_mythology
Polymatheia,Greek_mythology
Polymede,Greek_mythology
Polymede,Greek_mythology
Polymedon,Greek_mythology
Polymedon,Greek_mythology
Polymele,Greek_mythology
Polymele,Greek_mythology
Polypheides,Greek_mythology
Polypheides,Greek_mythology
Polyphontes,Greek_mythology
Polyphontes,Greek_mythology
Polypoetes,Greek_mythology
Polypoetes,Greek_mythology
Polystratus,Greek_mythology
Polystratus,Greek_mythology
Polyxenus,Greek_mythology
Polyxenus,Greek_mythology
Porthaon,Greek_mythology
Porthaon,Greek_mythology
Potamoi,Greek_mythology
Potamoi,Greek_mythology
Potamon_(mythology),Greek_mythology
Potamon_(mythology),Greek_mythology
Presbon,Greek_mythology
Presbon,Greek_mythology
Proioxis,Greek_mythology
Proioxis,Greek_mythology
Promachus,Greek_mythology
Promachus,Greek_mythology
Pronax,Greek_mythology
Pronax,Greek_mythology
Prophasis,Greek_mythology
Prophasis,Greek_mythology
Propoetides,Greek_mythology
Propoetides,Greek_mythology
Prothoenor,Greek_mythology
Prothoenor,Greek_mythology
Psalacantha,Greek_mythology
Psalacantha,Greek_mythology
Ptolemy_(King_of_Thebes),Greek_mythology
Ptolemy_(King_of_Thebes),Greek_mythology
Ptous,Greek_mythology
Ptous,Greek_mythology
Pylaemenes,Greek_mythology
Pylaemenes,Greek_mythology
Pylaeus,Greek_mythology
Pylaeus,Greek_mythology
Pyraechmes,Greek_mythology
Pyraechmes,Greek_mythology
Pyreneus,Greek_mythology
Pyreneus,Greek_mythology
Queen_Rhodope,Greek_mythology
Queen_Rhodope,Greek_mythology
Rarus,Greek_mythology
Rarus,Greek_mythology
Rhacius,Greek_mythology
Rhacius,Greek_mythology
Rharian_Field,Greek_mythology
Rharian_Field,Greek_mythology
Rhene_(mythology),Greek_mythology
Rhene_(mythology),Greek_mythology
Rhodos,Greek_mythology
Rhodos,Greek_mythology
Rhoeo,Greek_mythology
Rhoeo,Greek_mythology
Saon_(mythology),Greek_mythology
Saon_(mythology),Greek_mythology
Satyrion,Greek_mythology
Satyrion,Greek_mythology
Schedius,Greek_mythology
Schedius,Greek_mythology
Schoeneus,Greek_mythology
Schoeneus,Greek_mythology
Sergestus,Greek_mythology
Sergestus,Greek_mythology
Sicyon_(mythology),Greek_mythology
Sicyon_(mythology),Greek_mythology
Sidero,Greek_mythology
Sidero,Greek_mythology
Silpium,Greek_mythology
Silpium,Greek_mythology
Sirenum_scopuli,Greek_mythology
Sirenum_scopuli,Greek_mythology
Socus,Greek_mythology
Socus,Greek_mythology
Soos,Greek_mythology
Soos,Greek_mythology
South_wind,Greek_mythology
South_wind,Greek_mythology
Stentor,Greek_mythology
Stentor,Greek_mythology
Salmoneus,Greek_mythology
Salmoneus,Greek_mythology
Sthenele,Greek_mythology
Sthenele,Greek_mythology
Sthenelus,Greek_mythology
Sthenelus,Greek_mythology
Stheno,Greek_mythology
Stheno,Greek_mythology
Strophius,Greek_mythology
Strophius,Greek_mythology
Stygne,Greek_mythology
Stygne,Greek_mythology
Sybaris_(mythology),Greek_mythology
Sybaris_(mythology),Greek_mythology
Syleus_(mythology),Greek_mythology
Syleus_(mythology),Greek_mythology
Syme_(mythology),Greek_mythology
Syme_(mythology),Greek_mythology
Theano,Greek_mythology
Theano,Greek_mythology
Thelxion_(companion_of_Telchin),Greek_mythology
Thelxion_(companion_of_Telchin),Greek_mythology
Thelxion_(son_of_Apis),Greek_mythology
Thelxion_(son_of_Apis),Greek_mythology
Themiscyra_(mythology),Greek_mythology
Themiscyra_(mythology),Greek_mythology
Themiste,Greek_mythology
Themiste,Greek_mythology
Theobule,Greek_mythology
Theobule,Greek_mythology
Theodontius,Greek_mythology
Theodontius,Greek_mythology
Theologia_mythologica,Greek_mythology
Theologia_mythologica,Greek_mythology
Theomachy,Greek_mythology
Theomachy,Greek_mythology
Theona,Greek_mythology
Theona,Greek_mythology
Thero_(Greek_mythology),Greek_mythology
Thero_(Greek_mythology),Greek_mythology
Thesprotus,Greek_mythology
Thesprotus,Greek_mythology
Thessalus,Greek_mythology
Thessalus,Greek_mythology
Thestius,Greek_mythology
Thestius,Greek_mythology
Thestor_(mythology),Greek_mythology
Thestor_(mythology),Greek_mythology
Thoas_(king_of_Corinth),Greek_mythology
Thoas_(king_of_Corinth),Greek_mythology
Thoon_(mythology),Greek_mythology
Thoon_(mythology),Greek_mythology
Thrace_(mythology),Greek_mythology
Thrace_(mythology),Greek_mythology
Thronia,Greek_mythology
Thronia,Greek_mythology
Thyia,Greek_mythology
Thyia,Greek_mythology
Tiasa,Greek_mythology
Tiasa,Greek_mythology
Tilphussa,Greek_mythology
Tilphussa,Greek_mythology
Timandra_(mythology),Greek_mythology
Timandra_(mythology),Greek_mythology
Tiphys,Greek_mythology
Tiphys,Greek_mythology
Tithonos,Greek_mythology
Tithonos,Greek_mythology
Toxeus,Greek_mythology
Toxeus,Greek_mythology
Toxotai,Greek_mythology
Toxotai,Greek_mythology
Tragasus,Greek_mythology
Tragasus,Greek_mythology
Trambelus,Greek_mythology
Trambelus,Greek_mythology
Triopas,Greek_mythology
Triopas,Greek_mythology
Triteia,Greek_mythology
Triteia,Greek_mythology
Trochilus_(mythology),Greek_mythology
Trochilus_(mythology),Greek_mythology
Troezen_(mythology),Greek_mythology
Troezen_(mythology),Greek_mythology
"Tyrimmas,_King_of_Dodona",Greek_mythology
"Tyrimmas,_King_of_Dodona",Greek_mythology
Tyro,Greek_mythology
Tyro,Greek_mythology
Taenarus_(mythology),Greek_mythology
Taenarus_(mythology),Greek_mythology
Talaus,Greek_mythology
Talaus,Greek_mythology
Talos_(inventor),Greek_mythology
Talos_(inventor),Greek_mythology
Talthybius,Greek_mythology
Talthybius,Greek_mythology
Tantalus_(son_of_Thyestes),Greek_mythology
Tantalus_(son_of_Thyestes),Greek_mythology
Taulas,Greek_mythology
Taulas,Greek_mythology
Tectamus,Greek_mythology
Tectamus,Greek_mythology
Tegeates,Greek_mythology
Tegeates,Greek_mythology
Tegyrios,Greek_mythology
Tegyrios,Greek_mythology
Telchis,Greek_mythology
Telchis,Greek_mythology
Teleboans,Greek_mythology
Teleboans,Greek_mythology
Telecleia,Greek_mythology
Telecleia,Greek_mythology
Telemus,Greek_mythology
Telemus,Greek_mythology
Teleon,Greek_mythology
Teleon,Greek_mythology
Telepylos,Greek_mythology
Telepylos,Greek_mythology
Telethusa,Greek_mythology
Telethusa,Greek_mythology
Tenages,Greek_mythology
Tenages,Greek_mythology
Tenes,Greek_mythology
Tenes,Greek_mythology
Termerus,Greek_mythology
Termerus,Greek_mythology
Ternessus,Greek_mythology
Ternessus,Greek_mythology
Teumessian_fox,Greek_mythology
Teumessian_fox,Greek_mythology
Teutamides,Greek_mythology
Teutamides,Greek_mythology
Teuthras,Greek_mythology
Teuthras,Greek_mythology
Thasus,Greek_mythology
Thasus,Greek_mythology
Upper_World_(Greek),Greek_mythology
Upper_World_(Greek),Greek_mythology
Ocalea_(mythology),Greek_mythology
Ocalea_(mythology),Greek_mythology
Ochimus,Greek_mythology
Ochimus,Greek_mythology
Ocnus,Greek_mythology
Ocnus,Greek_mythology
Ocridion,Greek_mythology
Ocridion,Greek_mythology
Ocypete,Greek_mythology
Ocypete,Greek_mythology
Oeceus,Greek_mythology
Oeceus,Greek_mythology
Oecles,Greek_mythology
Oecles,Greek_mythology
Oenoe_(mythology),Greek_mythology
Oenoe_(mythology),Greek_mythology
Oeonus,Greek_mythology
Oeonus,Greek_mythology
Oileus,Greek_mythology
Oileus,Greek_mythology
Olganos,Greek_mythology
Olganos,Greek_mythology
Oncius,Greek_mythology
Oncius,Greek_mythology
Ophiotaurus,Greek_mythology
Ophiotaurus,Greek_mythology
Ops_(Greek_mythology),Greek_mythology
Ops_(Greek_mythology),Greek_mythology
Orchamus,Greek_mythology
Orchamus,Greek_mythology
Orestheus,Greek_mythology
Orestheus,Greek_mythology
Orneus,Greek_mythology
Orneus,Greek_mythology
Ornytion,Greek_mythology
Ornytion,Greek_mythology
Ornytus,Greek_mythology
Ornytus,Greek_mythology
Othreis,Greek_mythology
Othreis,Greek_mythology
Oxylus,Greek_mythology
Oxylus,Greek_mythology
Oxyntes,Greek_mythology
Oxyntes,Greek_mythology
Voluptas,Greek_mythology
Voluptas,Greek_mythology
West_wind,Greek_mythology
West_wind,Greek_mythology
Winnowing_Oar,Greek_mythology
Winnowing_Oar,Greek_mythology
Xanthippe_(mythology),Greek_mythology
Xanthippe_(mythology),Greek_mythology
Xanthius,Greek_mythology
Xanthius,Greek_mythology
Zakynthos_(person),Greek_mythology
Zakynthos_(person),Greek_mythology
Zanclus,Greek_mythology
Zanclus,Greek_mythology
Zarex,Greek_mythology
Zarex,Greek_mythology
Zeleia,Greek_mythology
Zeleia,Greek_mythology
Zeuxippe,Greek_mythology
Zeuxippe,Greek_mythology
Zeuxippus_(mythology),Greek_mythology
Zeuxippus_(mythology),Greek_mythology
Zeuxo_(Greek_mythology),Greek_mythology
Zeuxo_(Greek_mythology),Greek_mythology
